"ID","game_name","hrs_on_record","v_CONT_1","v_CONT_2","v_CONT_3","v_CONT_4","v_AUT_Freiheit","v_AUT_interessant","v_AUT_options","v_CM_match","v_CM_faehig","v_CM_kompetent","v_PPresence_otherworld","v_PPresence_otherplace","v_PPresence_reallythere","v_EmoPresence_touched_rev","v_EmoPresence_emotional","v_EmoPresence_real","v_NarrPresence_part","v_NarrPresence_genuine","v_NarrPresence_events","v_GEQ_1","v_GEQ_2","v_GEQ_3","v_GEQ_4","v_GEQ_5","v_GEQ_6","v_GEQ_7","v_GEQ_8","v_GEQ_9","v_GEQ_10","v_GEQ_11","v_GEQ_12","v_GEQ_13","v_GEQ_14","v_GEQ_15","v_GEQ_16","v_GEQ_17","v_GEQ_18","v_GEQ_19","v_GEQ_20","v_GEQ_21","v_GEQ_22","v_GEQ_23","v_GEQ_24","v_GEQ_commets2","v_GEQ_25","v_GEQ_26","v_GEQ_27","v_GEQ_28","v_GEQ_29","v_GEQ_30","v_GEQ_31","v_GEQ_32","v_GEQ_33","v_GEQ_34","v_GEQ_35","v_GEQ_36","v_IM_spass","v_IM_interessant","v_IM_unterhaltsam","v_IM_langweilig_rev","v_IM_gern","v_IM_gefallen","game","aut","comp","ppres","v_EmoPresence_touched","epres","npres","v_IM_langweilig","im","geq_im","geq_flow","geq_comp","geq_tens","geq_cha","geq_pa","geq_na","cont","Steamname"
5,"The Stanley Parable Demo","0.7",3,3,4,1,1,4,4,7,7,5,1,7,5,7,7,6,7,3,6,7,3,7,7,7,7,1,4,1,1,1,7,1,4,5,7,4,1,4,4,7,7,3,1,NA,1,6,1,7,1,7,7,1,7,1,1,1,7,7,7,1,7,7,"The Stanley Parable Demo","3","6.33333333333333","4.33333333333333",1,"4.66666666666667","5.33333333333333",7,"7","6","5.4","4.2","1","2.6","7","1","2.75",5
5,"So Many Me Demo","0.7",1,1,1,1,6,2,5,3,7,7,1,1,1,7,1,1,1,6,1,4,6,1,1,1,4,1,1,1,4,5,7,1,5,1,4,6,5,6,7,7,4,7,1,NA,1,1,1,1,1,2,4,1,3,1,7,1,3,2,2,6,4,4,"So Many Me Demo","4.33333333333333","5.66666666666667","1",1,"1","2.66666666666667",2,"2.83333333333333","4.16666666666667","1.6","6.4","1","1","3.4","4.4","1",5
11,"The Stanley Parable Demo","0.3",1,2,1,1,3,3,4,5,5,4,6,6,4,5,5,3,5,2,5,4,4,7,6,4,4,3,3,2,2,4,2,1,5,4,5,5,5,4,3,5,4,5,3,NA,2,3,3,3,3,4,4,2,3,3,5,1,5,6,7,4,6,6,"The Stanley Parable Demo","3.33333333333333","4.66666666666667","5.33333333333333",3,"3.66666666666667","4",4,"5.66666666666667","4.5","3.6","4","2.6","2.2","4.6","3.6","1.25",11
11,"So Many Me Demo","0.5",2,2,3,2,5,5,3,3,3,3,3,3,2,3,4,2,2,4,3,3,3,3,4,3,3,5,2,2,5,5,3,5,6,3,3,3,2,2,2,2,4,3,5,NA,5,3,5,3,5,3,4,6,3,3,3,5,4,4,6,3,5,5,"So Many Me Demo","4.33333333333333","3","2.66666666666667",5,"3.66666666666667","3",5,"4.83333333333333","3.16666666666667","3.2","2.8","4.6","4","3.4","4","2.25",11
28,"The Stanley Parable Demo","0.5",2,3,3,2,1,5,3,7,4,5,5,5,4,2,4,3,6,3,4,6,4,6,7,4,5,1,2,1,1,1,5,1,2,3,4,5,2,5,2,4,6,7,1,NA,4,3,1,2,2,4,4,1,5,4,1,1,7,7,6,2,6,6,"The Stanley Parable Demo","3","5.33333333333333","4.66666666666667",6,"4.33333333333333","4.33333333333333",6,"6.33333333333333","3.83333333333333","3.4","5.2","1","1.8","5.6","1.8","2.5",28
28,"So Many Me Demo","0.5",1,1,1,1,1,2,2,4,2,2,2,2,1,7,3,1,2,1,2,1,1,2,2,1,1,4,2,4,5,5,2,2,1,1,1,2,6,3,2,2,2,3,5,NA,3,2,5,2,3,1,3,6,2,2,6,6,1,1,1,6,1,1,"So Many Me Demo","1.66666666666667","2.66666666666667","1.66666666666667",1,"1.66666666666667","1.66666666666667",2,"1.16666666666667","1.66666666666667","1.8","2.2","4.8","3","1.4","5","1",28
20,"The Stanley Parable Demo","0.5",4,1,7,7,1,6,3,1,1,1,4,7,2,3,6,5,3,1,1,7,1,7,7,4,7,4,2,3,2,1,1,1,5,1,3,1,3,1,1,4,6,3,2,NA,4,4,3,1,1,3,7,2,2,1,2,1,7,7,5,1,7,7,"The Stanley Parable Demo","3.33333333333333","1","4.33333333333333",5,"5.33333333333333","1.66666666666667",7,"6.66666666666667","3.66666666666667","2.8","1.4","2.8","1.8","6","2.4","4.75",20
19,"So Many Me Demo","0.7",1,1,3,2,6,6,6,4,4,3,1,4,1,2,3,1,2,5,1,7,4,2,7,7,7,1,2,1,1,1,7,7,7,2,7,4,1,2,3,4,7,2,1,NA,1,7,1,7,6,2,6,2,2,2,1,4,7,7,7,7,7,7,"So Many Me Demo","6","3.66666666666667","2",6,"3.33333333333333","2.66666666666667",1,"6","3.33333333333333","4.8","3.8","1.2","5.2","7","1","1.75",19
3,"So Many Me Demo","0.6",2,1,3,2,2,1,2,4,3,3,2,1,1,6,2,1,1,3,2,3,2,3,4,1,3,4,1,4,5,5,3,2,4,3,3,2,6,2,2,3,2,4,3,NA,4,3,2,3,3,3,3,4,2,2,6,3,2,3,2,6,3,3,"So Many Me Demo","1.66666666666667","3.33333333333333","1.33333333333333",2,"1.66666666666667","2",2,"2.5","2.83333333333333","2.4","2.6","3.4","2.4","3","5.2","2",3
27,"The Stanley Parable Demo","15.9",1,5,4,6,1,2,5,7,3,3,0,2,5,3,5,5,6,4,2,5,4,6,7,5,5,5,2,6,3,2,6,1,5,3,3,4,3,2,1,6,6,4,7,NA,2,6,4,5,2,2,6,7,4,3,2,1,6,6,7,2,7,6,"The Stanley Parable Demo","2.66666666666667","4.33333333333333","2.33333333333333",5,"5","4",6,"6.33333333333333","4","4.4","4","5.8","2.4","5.2","2.4","4",27
3,"The Stanley Parable Demo","0.6",4,5,7,6,2,7,3,2,2,2,6,7,6,4,6,3,5,2,3,5,2,7,7,7,5,5,6,6,2,3,2,1,5,3,5,4,2,2,1,3,5,3,2,NA,2,5,3,3,1,7,5,4,7,3,1,1,6,7,7,2,6,6,"The Stanley Parable Demo","4","2","6.33333333333333",4,"4.33333333333333","3.33333333333333",6,"6.33333333333333","5","4.2","2.6","4","2.8","5.4","2","5.5",3
27,"So Many Me Demo","0.5",1,1,2,1,6,7,5,6,5,5,4,4,2,2,5,2,2,6,1,7,6,4,3,4,5,2,1,1,2,1,7,3,7,5,6,5,2,6,7,5,7,5,2,NA,1,6,2,5,5,2,6,1,3,4,1,2,6,4,7,1,6,7,"So Many Me Demo","6","5.33333333333333","3.33333333333333",6,"4.33333333333333","3",7,"6.16666666666667","4.66666666666667","4.8","5.8","1.6","3.4","5.6","1.4","1.25",27
25,"The Stanley Parable Demo","0.5",1,2,1,3,2,6,4,7,6,5,5,7,5,5,5,2,7,1,4,7,2,7,7,5,7,1,2,2,3,1,6,2,3,3,7,3,2,5,1,6,7,3,1,NA,4,5,1,3,2,5,5,2,6,1,2,2,7,7,7,1,7,7,"The Stanley Parable Demo","4","6","5.66666666666667",3,"3.33333333333333","4",7,"7","4.66666666666667","3.4","3.8","1.4","2.6","7","2.4","1.75",25
29,"The Stanley Parable Demo","0.3",1,1,1,1,1,1,1,1,1,1,4,3,4,1,7,6,1,1,3,1,1,1,1,2,1,4,1,3,1,6,1,1,5,1,1,1,7,1,1,1,1,3,7,NA,2,1,5,1,1,1,6,7,1,1,7,3,1,1,1,7,1,1,"The Stanley Parable Demo","1","1","3.66666666666667",7,"6.66666666666667","1.66666666666667",1,"1","1.66666666666667","2.2","1.4","5.2","1.4","1","4.6","1",29
25,"So Many Me Demo","0.51",1,1,1,1,5,3,3,3,2,3,1,3,1,1,2,1,2,2,1,3,1,2,2,1,3,1,1,3,5,6,4,5,4,1,4,1,5,2,1,3,4,1,3,NA,4,1,4,1,5,2,2,3,2,2,6,4,4,2,4,5,3,4,"So Many Me Demo","3.66666666666667","2.66666666666667","1.66666666666667",7,"3.33333333333333","1.66666666666667",3,"3.33333333333333","2.33333333333333","1.4","1.8","2.8","3.2","3.2","5.2","1",25
2,"The Stanley Parable Demo","0.32",2,5,4,3,3,6,5,7,6,6,5,7,4,1,7,5,5,4,6,6,6,7,7,5,6,5,4,3,5,2,6,1,5,4,6,7,1,4,2,3,7,4,3,NA,4,5,1,6,1,5,6,2,5,4,2,1,7,7,7,2,7,7,"The Stanley Parable Demo","4.66666666666667","6.33333333333333","5.33333333333333",7,"6.33333333333333","5",6,"6.83333333333333","4.5","5","5.4","2.8","2.4","6.4","2.8","3.5",2
9,"The Stanley Parable Demo","49",6,3,3,5,1,4,2,2,2,2,4,5,5,3,5,5,3,5,5,4,3,4,6,3,3,1,2,5,4,5,5,1,5,4,4,3,5,2,2,5,5,7,4,NA,2,4,1,5,2,3,4,3,2,4,4,3,4,3,3,5,3,4,"The Stanley Parable Demo","2.33333333333333","2","4.66666666666667",5,"5","4.33333333333333",3,"3.33333333333333","3.5","4","4","2.8","2.4","4.4","4","4.25",9
14,"The Stanley Parable Demo","0.2",1,1,1,1,3,1,2,6,2,3,3,6,4,5,3,4,3,1,1,1,2,3,3,1,1,5,1,5,2,4,2,2,2,2,1,2,7,1,2,5,1,1,5,NA,1,4,2,1,2,1,6,7,2,2,7,4,1,1,1,7,1,1,"The Stanley Parable Demo","2","3.66666666666667","4.33333333333333",3,"3.33333333333333","1.66666666666667",1,"1","2.5","2.4","1.6","4.8","2.6","1.4","4.2","1",14
12,"So Many Me Demo","1.2",1,1,2,1,2,5,6,3,2,4,4,2,2,2,7,6,6,5,7,5,2,3,7,5,6,5,2,1,2,5,6,5,6,5,5,4,2,4,3,3,6,3,5,NA,2,6,5,6,7,6,7,5,2,1,1,6,6,6,6,2,6,7,"So Many Me Demo","4.33333333333333","3","2.66666666666667",6,"6.33333333333333","6",6,"6.16666666666667","3.83333333333333","4.8","3.8","4.2","5.2","5.8","2.4","1.25",12
12,"The Stanley Parable Demo","0.5",1,1,2,1,2,5,5,7,6,6,5,6,5,7,7,7,6,3,5,6,5,5,7,6,6,2,2,1,2,1,5,1,3,5,6,5,2,5,2,5,6,6,1,NA,2,5,1,5,2,5,6,2,3,1,2,1,6,6,7,1,6,6,"The Stanley Parable Demo","4","6.33333333333333","5.33333333333333",1,"5","4.66666666666667",7,"6.33333333333333","3.83333333333333","4.6","5.2","1.4","2.2","6.2","1.8","1.25",12
18,"The Stanley Parable Demo","0.5",1,1,1,1,4,3,4,4,4,4,6,6,6,3,5,1,5,2,4,3,4,6,7,5,3,5,3,4,4,6,6,3,3,3,3,4,4,4,4,5,4,4,5,NA,2,5,3,2,5,5,5,5,4,3,4,3,4,5,5,4,2,2,"The Stanley Parable Demo","3.66666666666667","4","6",5,"3.66666666666667","3.66666666666667",4,"3.66666666666667","4.5","3.6","4.4","4.4","3.8","4","4","1",18
24,"The Stanley Parable Demo","32",2,4,2,5,1,3,3,2,1,2,3,3,6,2,6,2,2,2,4,2,1,4,6,4,3,6,2,5,4,1,3,5,4,3,1,1,3,1,1,5,4,2,6,NA,2,3,5,2,6,4,5,5,3,2,3,1,3,4,5,2,2,4,"The Stanley Parable Demo","2.33333333333333","1.66666666666667","4",6,"4.66666666666667","2.66666666666667",6,"4","3.5","3.2","1.6","5.4","3.4","3.2","2.6","3.25",24
24,"So Many Me Demo","30",1,1,1,1,5,5,2,4,5,4,4,4,1,3,5,3,2,4,1,5,3,4,6,5,5,4,1,1,3,2,6,3,5,2,5,4,2,3,1,5,6,4,3,NA,2,5,2,1,6,3,5,4,1,1,2,3,5,3,5,2,5,5,"So Many Me Demo","4","4.33333333333333","3",5,"4.33333333333333","2.33333333333333",6,"4.83333333333333","3.16666666666667","2.8","4","2.8","3.6","5.4","2.2","1",24
2,"So Many Me Demo","0.32",1,1,3,1,3,6,3,2,1,2,2,3,2,4,5,1,2,6,1,4,2,2,6,4,4,4,3,4,2,5,2,5,6,4,3,2,6,5,4,5,6,2,5,NA,5,6,5,2,6,5,6,7,5,2,4,5,6,5,7,2,6,6,"So Many Me Demo","4","1.66666666666667","2.33333333333333",4,"3.33333333333333","3",6,"6","4.5","3.6","2.6","5","5","4.6","4.4","1.5",2
14,"So Many Me Demo","0.5",1,1,6,1,5,6,5,4,3,5,7,7,3,6,6,4,6,7,5,5,3,5,7,6,7,5,5,5,2,1,6,4,7,4,7,4,1,5,5,5,7,3,1,NA,1,6,3,6,7,5,7,2,4,4,2,5,7,5,7,1,7,7,"So Many Me Demo","5.33333333333333","4","5.66666666666667",2,"4","6",7,"6.66666666666667","5.16666666666667","5.4","4.2","3.2","5.4","6.6","1.4","2.25",14
8,"So Many Me Demo","35",3,2,3,1,6,7,6,6,4,4,6,4,2,2,6,4,6,6,4,6,4,4,7,6,5,2,5,1,1,1,6,3,5,7,6,4,2,4,5,4,7,7,1,NA,1,6,1,7,6,4,6,2,4,5,1,4,6,5,5,1,6,6,"So Many Me Demo","6.33333333333333","4.66666666666667","4",6,"5.33333333333333","5.33333333333333",7,"5.83333333333333","4.33333333333333","6.2","5","1.4","4.8","6.2","1.2","2.25",8
16,"The Stanley Parable Demo","0.4",1,1,2,2,3,1,1,2,2,3,1,1,2,7,4,1,1,1,5,1,1,1,3,2,1,2,1,5,6,5,4,1,4,2,2,2,7,2,2,3,1,4,6,NA,3,1,6,3,1,1,4,4,2,1,7,4,1,1,1,7,1,1,"The Stanley Parable Demo","1.66666666666667","2.33333333333333","1.33333333333333",1,"2","2.33333333333333",1,"1","2.16666666666667","2.4","2.6","4.6","1.6","1.6","5.6","1.5",16
29,"So Many Me Demo","0.5",1,1,2,1,4,2,2,6,4,4,4,2,2,5,2,1,3,4,1,4,4,3,1,3,4,4,3,2,5,2,5,2,2,1,3,5,6,5,4,4,3,4,2,NA,3,5,3,2,5,2,3,2,1,1,6,3,3,2,3,6,3,3,"So Many Me Demo","2.66666666666667","4.66666666666667","2.66666666666667",3,"2","2.66666666666667",2,"2.66666666666667","2.66666666666667","2","4.6","2.6","3.6","3","4.4","1.25",29
18,"So Many Me Demo","0.6",4,3,3,3,5,7,6,4,6,6,5,0,3,4,3,2,6,4,2,5,3,6,3,4,5,5,5,3,3,3,6,2,5,5,6,6,2,5,3,5,6,4,3,NA,1,4,4,5,5,3,7,2,4,2,3,4,6,5,6,2,7,7,"So Many Me Demo","6","5.33333333333333","2.66666666666667",4,"3","4",6,"6.16666666666667","4.33333333333333","4.6","4.8","3.4","4","5","2.4","3.25",18
16,"So Many Me Demo","0.5",1,1,1,1,1,3,2,3,3,3,1,1,1,7,1,1,1,2,1,2,2,1,2,1,1,1,2,2,2,5,2,5,2,2,2,2,5,2,3,1,2,3,4,NA,1,1,2,1,2,1,4,4,1,1,6,4,2,1,2,6,2,2,"So Many Me Demo","2","3","1",1,"1","1.33333333333333",2,"1.83333333333333","1.5","1.8","2.2","2.6","2.8","1.8","3.8","1",16
27,"borderlands 2 ","43",1,1,3,1,6,6,6,6,5,5,7,7,6,2,5,4,7,4,2,6,4,7,6,6,6,2,1,2,1,2,5,5,7,6,6,4,1,2,4,6,7,5,4,"Einmal bin ich in der Map stecken geblieben und mein Mann musste mich herausporten. Solche Bugs in der Map sind ärgerlich, aber man kann sie ja nicht alle finden beim Testen... Aber da war ich kurz verärgert, das Gefühl verflog aber nach einigen Minuten komplett.",2,7,1,6,5,7,7,1,6,5,1,2,7,7,7,1,7,7,"Lieblingsspiel","6","5.33333333333333","6.66666666666667",6,"5","4.33333333333333",7,"7","6.16666666666667","6","4","2","4","6.2","1.4","1.5",27
27,"borderlands 2","44",2,1,1,1,6,7,6,5,5,5,7,7,7,1,5,3,6,3,2,6,4,7,7,6,6,5,1,1,2,4,4,2,7,6,7,5,2,4,3,6,7,5,1,NA,2,6,2,7,5,7,7,1,5,5,1,3,7,7,7,1,7,7,"Lieblingsspiel","6.33333333333333","5","7",7,"5","3.66666666666667",7,"7","5.83333333333333","6.2","4.4","2","3.4","6.6","2.2","1.25",27
25,"the blind griffin","0.5",2,2,5,2,2,1,5,7,4,4,6,5,5,1,5,2,7,1,3,7,4,7,7,5,5,3,5,1,1,1,4,1,7,5,7,2,2,1,1,3,6,4,1,NA,1,4,1,4,1,3,6,1,6,5,1,1,6,5,7,1,6,7,"Lieblingsspiel","2.66666666666667","5","5.33333333333333",7,"4.66666666666667","3.66666666666667",7,"6.33333333333333","4.5","5","3","1.4","2.4","6.4","1.2","2.75",25
3,"hearthstone","150",4,3,7,7,7,6,7,7,6,6,2,2,2,2,6,5,3,7,3,6,7,3,5,6,6,5,5,3,4,3,5,6,2,2,6,6,2,6,5,2,5,2,4,NA,3,6,4,3,6,2,5,3,3,2,4,6,6,6,6,2,6,6,"Lieblingsspiel","6.66666666666667","6.33333333333333","2",6,"5.66666666666667","4.33333333333333",6,"6","2.83333333333333","3.6","5.2","3.8","5.8","5.6","3.2","5.25",3
14,"alive or dead 5","0.5",2,2,4,3,7,7,7,7,7,7,6,7,5,1,7,6,7,7,6,7,7,7,7,7,7,7,5,3,1,1,7,1,7,5,7,7,1,7,7,7,7,6,1,NA,1,7,5,7,7,7,6,1,6,5,1,2,7,6,7,1,7,7,"Lieblingsspiel","7","7","6",7,"6.66666666666667","6.66666666666667",7,"6.83333333333333","6.83333333333333","6","6.8","3.4","4.4","7","1","2.75",14
18,"gran turismo","0.5",1,2,3,1,6,5,4,4,2,3,4,5,4,3,5,2,3,6,4,6,3,5,4,5,5,5,5,3,3,4,7,6,5,3,6,1,1,3,2,4,6,3,4,NA,3,5,5,3,6,3,6,4,4,2,3,6,5,4,5,2,5,5,"Lieblingsspiel","5","3","4.33333333333333",5,"4","4.33333333333333",6,"5","3.83333333333333","3.8","3.4","4.2","5.6","5.4","2.8","1.75",18
29,"fifa 16 (playstation 4)","2",6,4,5,4,7,7,6,7,7,7,6,6,5,1,7,6,6,7,6,7,4,7,7,2,7,6,5,4,2,3,7,2,7,5,7,7,1,7,4,5,7,7,5,NA,2,7,7,6,7,5,7,5,6,4,1,5,7,7,7,1,7,7,"Lieblingsspiel","6.66666666666667","7","5.66666666666667",7,"6.66666666666667","6.33333333333333",7,"7","5.66666666666667","4.8","6.4","5.4","5.2","7","1.8","4.75",29
4,"fifa 16","2",6,2,4,6,7,7,7,7,7,7,3,1,7,1,7,6,7,7,7,7,7,2,3,7,7,6,3,5,2,5,7,2,7,5,7,7,2,6,7,3,7,1,4,"beim Item  ich habe mich verärgert gefühlt  habe ich 4 angewählt, da ich nicht wirklich verärgert war, mich aber während des Spiels immer wieder ertappte, wie ich ein wenig verärgert war, wenn das Spiel nicht so lief wie ich das wollte.  ",1,7,5,7,7,7,7,3,4,3,4,5,7,7,7,1,7,7,"Lieblingsspiel","7","7","3.66666666666667",7,"6.66666666666667","7",7,"7","5","5.8","5.6","4.6","4.8","6.2","2.8","4.5",4
21,"world of tanks","30",3,3,7,3,4,7,4,5,5,6,4,5,3,3,3,6,1,6,3,6,7,7,7,5,7,7,7,7,4,5,2,7,7,5,7,6,3,5,7,7,7,7,6,"Das Spiel involviert auch viel  grinding  um neue Panzer freizuschalten, was etwas nervig ist.  Man muss ab und zu einen Panzer den man nicht mag 100 mal ins Gefecht führen, um den nächsten zu erforschen.",5,7,7,7,6,5,7,3,5,4,5,5,7,7,7,2,7,7,"Lieblingsspiel","5","5.33333333333333","4",5,"4.66666666666667","3.33333333333333",6,"6.83333333333333","6.33333333333333","5.6","5.4","6","6.4","6.8","4.4","4",21
23,"mario kart wii","0.36",1,1,1,1,4,6,5,5,6,6,4,4,4,3,6,3,4,5,2,5,5,5,7,5,6,6,1,3,3,1,6,2,5,6,7,5,1,6,5,3,7,6,1,NA,2,5,4,4,6,5,6,2,4,3,1,2,7,6,6,1,6,7,"Lieblingsspiel","5","5.66666666666667","4",5,"4.66666666666667","3.66666666666667",7,"6.5","4.5","4.8","5.6","3.2","3.2","6.4","1.6","1",23
2,"life is strange","0",7,6,5,6,3,4,7,7,5,4,7,6,6,7,6,6,7,6,6,6,6,7,3,6,7,1,2,1,2,1,6,1,6,6,7,7,2,6,4,5,7,6,1,NA,2,6,1,7,4,5,6,1,5,6,2,1,7,6,6,2,7,7,"Lieblingsspiel","4.66666666666667","5.33333333333333","6.33333333333333",1,"4.33333333333333","6.33333333333333",6,"6.5","5.33333333333333","6.2","6.2","1","2.8","6","1.8","6",2
8,"sims 3 + einfach tierisch","35",7,5,5,7,7,6,7,6,5,5,7,7,5,6,6,5,6,6,6,6,4,7,6,3,6,1,6,1,2,1,6,4,6,6,7,5,1,6,7,7,7,7,1,NA,1,6,1,7,4,4,7,1,6,3,2,2,7,6,6,2,7,6,"Lieblingsspiel","6.66666666666667","5.33333333333333","6.33333333333333",2,"4.33333333333333","6",6,"6.33333333333333","6.16666666666667","5.2","5.6","1","4.4","6.4","1.4","6",8
16,"fifa 16","0.55",1,1,1,1,3,5,5,6,6,6,1,1,1,1,7,4,2,5,1,5,5,7,5,4,5,6,2,3,2,2,4,4,6,2,5,5,2,4,3,1,6,4,5,NA,1,3,3,5,5,2,4,4,4,1,1,3,7,7,7,2,7,7,"Lieblingsspiel","4.33333333333333","6","1",7,"6","2.66666666666667",6,"6.83333333333333","3.83333333333333","3.2","4.4","4.2","3.4","5.2","1.6","1",16
11,"this war of mine","0",6,7,6,6,6,6,6,5,6,5,7,6,6,1,7,6,6,6,7,6,5,7,1,5,3,3,4,4,3,2,3,5,6,6,4,4,2,4,4,5,5,3,4,NA,5,6,5,3,6,7,6,5,5,3,1,3,7,7,7,1,7,7,"Lieblingsspiel","6","5.33333333333333","6.33333333333333",7,"6.66666666666667","6.33333333333333",7,"7","5.66666666666667","4.6","3.8","4.2","4.8","3.8","2.6","6.25",11
13,"world of warcraft - warlords of draenor","0",1,1,1,5,6,7,7,7,7,7,7,5,7,3,7,7,5,2,5,7,5,3,6,7,7,2,1,1,1,1,7,1,6,7,7,7,2,5,2,5,7,1,1,NA,1,2,1,7,2,3,7,1,2,1,2,1,7,6,5,1,7,7,"Lieblingsspiel","6.66666666666667","7","6.33333333333333",5,"6.33333333333333","4",7,"6.5","3.5","5.8","5","1.2","1.4","6.8","1.4","2",13
11,"Limbo","0.5",1,1,5,3,2,4,5,2,2,1,6,7,3,5,3,1,5,6,5,3,1,4,3,4,3,5,5,5,4,4,4,7,7,5,3,1,2,2,2,5,5,1,6,NA,5,4,4,3,6,6,5,7,5,4,2,7,6,5,6,2,6,6,"Limbo","3.66666666666667","1.66666666666667","5.33333333333333",3,"2.33333333333333","5.33333333333333",6,"5.83333333333333","4.83333333333333","4.2","1.8","5.4","5.8","3.4","3.4","2.5",11
27,"Super Hot","0.5",1,1,1,1,1,2,1,6,5,4,1,2,1,7,5,2,1,2,2,2,5,1,1,1,1,6,1,5,6,6,4,4,2,1,2,5,7,4,3,1,1,4,7,NA,4,2,6,1,3,1,5,7,1,1,7,3,1,1,2,7,1,1,"Super Hot","1.33333333333333","5","1.33333333333333",1,"2.66666666666667","1.66666666666667",1,"1.16666666666667","1.5","1.8","4.4","6.2","2.6","1.4","6","1",27
25,"Super Hot","0.51",1,1,1,1,4,4,7,6,5,4,4,5,3,2,6,1,5,6,3,7,5,1,1,3,5,5,1,2,2,1,3,5,5,3,6,2,1,5,4,6,7,1,3,NA,2,4,1,2,6,5,7,3,5,2,1,5,7,7,7,2,7,7,"Super Hot","5","5","4",6,"4.33333333333333","4.66666666666667",6,"6.83333333333333","4.33333333333333","3.4","3.2","2.8","4.2","5.2","1.4","1",25
3,"Limbo","0.4",3,4,5,5,3,6,6,4,3,3,5,7,5,2,6,3,4,5,1,5,3,6,3,5,4,5,5,5,3,3,3,5,7,3,5,4,2,5,4,4,5,0,1,NA,3,5,4,3,5,5,3,4,3,3,2,4,6,6,6,2,6,6,"Limbo","5","3.33333333333333","5.66666666666667",6,"5","3.33333333333333",6,"6","4.83333333333333","3.4","3","3.8","4.8","4.4","2.6","4.25",3
25,"Limbo","0.5",1,1,1,1,6,5,6,5,4,6,7,7,5,4,7,2,7,6,2,7,5,4,3,6,6,4,5,2,2,1,5,6,7,4,7,3,1,5,5,6,7,1,1,NA,4,6,1,4,6,6,6,1,7,4,1,5,7,7,7,2,7,7,"Limbo","5.66666666666667","5","6.33333333333333",4,"4.33333333333333","5",6,"6.83333333333333","5.83333333333333","4.8","3.8","1.8","5.6","6","1.8","1",25
4,"Super Hot","1",1,1,1,1,1,4,3,7,6,6,6,6,2,1,5,1,3,7,4,6,6,6,2,6,6,4,1,1,1,1,5,2,1,5,6,6,1,5,6,1,6,2,1,NA,1,6,4,6,5,6,6,2,3,5,4,4,7,7,7,1,7,7,"Super Hot","2.66666666666667","6.33333333333333","4.66666666666667",7,"4.33333333333333","4.66666666666667",7,"7","3.83333333333333","5.6","4.8","2.4","3.6","5.2","1.6","1",4
4,"Limbo","0.5",2,2,2,3,2,7,7,7,7,6,4,7,7,7,6,6,7,7,6,7,7,7,7,7,7,4,3,3,1,1,6,3,6,2,6,6,1,4,7,3,7,5,5,"Bei der Aussage:  Ich habe mich verärgert gefühlt  musste ich eine 5 ankreuzen, da mich die Überquerung des Wassers doch ein wenig verärgert, frustriert hat. ",1,5,4,3,6,6,6,5,7,3,2,4,7,7,7,1,7,7,"Limbo","5.33333333333333","6.66666666666667","6",1,"4.33333333333333","6.66666666666667",7,"7","6","4.2","5.6","4.2","4.2","6.8","1.2","2.25",4
27,"Limbo","68",1,1,2,2,5,5,5,6,4,5,3,6,3,3,5,2,3,4,2,5,6,5,6,2,5,3,4,2,5,2,4,2,5,2,6,6,3,5,5,4,6,5,1,NA,5,3,1,2,5,5,4,2,5,2,1,2,6,5,7,1,6,6,"Limbo","5","5","4",5,"4","3",7,"6.16666666666667","4.83333333333333","2.4","5.2","1.8","3.2","5.6","3.2","1.5",27
14,"Super Hot","0.5",1,2,7,4,4,7,5,6,6,6,6,5,5,3,5,3,7,7,1,6,6,4,4,6,4,3,5,1,1,1,6,4,5,4,6,6,1,6,5,2,6,5,2,NA,1,5,2,6,6,6,7,2,6,3,3,3,6,6,5,1,7,7,"Super Hot","5.33333333333333","6","5.33333333333333",5,"4.33333333333333","5",7,"6.33333333333333","4.66666666666667","5.2","5.8","2","4.6","5.2","1.4","3.5",14
14,"Limbo","0.1",1,1,1,1,1,1,1,1,1,1,1,1,1,7,1,1,1,1,1,1,1,1,1,1,1,5,1,6,5,6,1,4,5,1,1,1,7,1,1,1,1,1,5,NA,4,1,4,1,1,1,4,7,1,1,6,2,1,1,1,7,1,1,"Limbo","1","1","1",1,"1","1",1,"1","1.66666666666667","1.6","1","5.4","1.8","1","5.6","1",14
28,"witcher 3","0.5",2,2,4,3,7,7,7,6,5,6,7,7,6,1,7,4,7,6,6,6,6,7,6,6,6,7,5,4,3,2,5,5,7,6,6,6,2,6,5,7,7,5,2,NA,6,6,3,4,6,7,6,2,6,4,2,1,7,7,7,1,7,7,"Lieblingsspiel","7","5.66666666666667","6.66666666666667",7,"6","6.33333333333333",7,"7","6.5","5.2","5.6","3.6","4.6","6.2","3","2.75",28
3,"Super Hot","0.5",2,2,5,2,2,3,4,4,5,5,1,1,1,7,2,1,1,5,1,3,4,2,1,3,3,2,3,5,4,2,5,4,1,2,3,4,4,5,3,2,3,5,3,NA,3,3,2,2,4,4,3,3,2,2,2,4,3,4,3,5,3,3,"Super Hot","3","4.66666666666667","1",1,"1.33333333333333","2.33333333333333",3,"3.16666666666667","2.33333333333333","2.4","4.6","3","3.6","2.6","3","2.75",3
11,"Super Hot","0.5",1,1,2,2,1,2,2,2,2,2,2,1,2,7,1,3,2,2,1,2,2,1,1,2,3,4,2,4,6,7,3,4,4,2,2,1,7,2,2,2,3,1,4,NA,6,2,4,1,2,2,2,5,3,1,7,5,2,2,2,7,1,2,"Super Hot","1.66666666666667","2","1.66666666666667",1,"1.66666666666667","1.66666666666667",1,"1.66666666666667","2.33333333333333","1.6","1.8","4.2","3","2.2","6.6","1.5",11
21,"Limbo","0.7",3,3,4,4,1,3,2,2,1,2,4,4,2,4,4,4,2,4,3,2,2,4,2,3,1,2,4,1,3,5,1,3,7,1,3,3,2,2,3,1,6,2,3,NA,3,4,2,5,6,3,4,5,4,1,1,3,7,5,7,1,7,2,"Limbo","2","1.66666666666667","3.33333333333333",4,"4","3",7,"5.83333333333333","3.66666666666667","2.8","2","2.6","4","2.8","2.8","3.5",21
21,"Super Hot","0.5",1,1,2,2,4,1,5,4,2,1,2,1,1,1,2,1,1,1,1,4,4,1,1,1,6,1,1,1,1,1,5,1,3,1,0,1,1,1,1,1,7,6,1,NA,1,1,4,1,2,1,1,1,1,1,1,1,7,7,7,1,7,7,"Super Hot","3.33333333333333","2.33333333333333","1.33333333333333",7,"3.33333333333333","1",7,"7","1.33333333333333","1","3.4","1.6","1.2","3.6","1","1.5",21
23,"Super Hot","0.32",1,1,3,1,3,6,2,4,4,4,4,3,4,1,5,5,6,6,4,4,4,5,5,6,5,6,1,2,3,1,2,5,5,4,5,4,1,6,3,2,5,4,3,NA,3,6,6,5,7,5,5,4,2,3,1,5,5,3,5,1,5,5,"Super Hot","3.66666666666667","4","3.66666666666667",7,"5.66666666666667","5.33333333333333",7,"5","3.66666666666667","4.6","4","4.2","4.8","4.8","1.8","1.5",23
23,"Limbo","0.3",1,1,1,1,1,1,1,4,3,3,3,4,3,3,5,3,2,6,5,2,2,1,1,5,2,5,1,3,2,3,4,5,2,5,1,2,6,3,4,2,3,4,5,NA,2,4,6,3,4,2,4,6,1,3,6,5,1,2,4,5,1,2,"Limbo","1","3.33333333333333","3.33333333333333",5,"4.33333333333333","4.33333333333333",3,"2.16666666666667","2","4","3","5","3.8","1.8","3.8","1",23
2,"Limbo","0.32",1,1,2,1,3,5,4,6,5,6,5,5,2,3,6,2,5,6,1,6,7,7,7,5,6,4,2,1,3,1,6,2,7,6,7,6,1,6,4,3,7,6,5,NA,2,5,1,6,5,5,2,5,4,2,3,2,7,6,7,2,7,7,"Limbo","4","5.66666666666667","4",5,"4.33333333333333","4",6,"6.66666666666667","5","4.2","6.2","3.2","3.2","6.6","2","1.25",2
2,"Super Hot","0.35",2,2,6,5,6,6,7,6,7,7,3,6,2,1,3,1,2,7,2,4,6,3,6,6,6,6,4,2,4,1,7,2,5,6,7,6,1,7,5,2,7,4,5,NA,5,6,3,6,7,6,7,5,3,2,5,3,7,6,7,2,7,7,"Super Hot","6.33333333333333","6.66666666666667","3.66666666666667",7,"3.66666666666667","3.66666666666667",6,"6.66666666666667","4","5.4","6","4.2","4.4","6","3.2","3.75",2
29,"Limbo","0.5",2,1,1,1,4,2,4,5,5,5,2,5,2,6,2,1,2,5,1,4,4,3,1,2,3,2,2,2,3,2,3,4,2,2,4,4,4,4,4,2,2,4,2,NA,2,3,2,2,4,2,4,3,2,1,4,3,4,3,3,4,4,3,"Limbo","3.33333333333333","5","3",2,"1.66666666666667","2.66666666666667",4,"3.5","2.5","2.2","3.8","2.2","3.2","2.8","3","1.25",29
29,"Super Hot","0.5",2,2,5,2,6,4,6,5,6,7,4,3,3,3,5,2,2,6,4,6,4,6,3,0,5,5,5,2,2,3,5,3,2,4,6,6,1,7,2,4,7,6,2,NA,2,6,3,5,6,5,7,2,5,2,1,4,7,6,7,1,7,7,"Super Hot","5.33333333333333","6","3.33333333333333",5,"4","4",7,"6.83333333333333","4","3.6","5.6","2.8","4.8","5.4","1.8","2.75",29
15,"Limbo","0.41",1,1,2,1,1,3,2,4,3,3,1,3,2,7,2,3,2,2,3,4,3,2,3,2,4,0,2,1,2,1,7,4,6,3,4,3,2,4,4,1,3,2,2,NA,1,1,2,3,2,3,4,2,1,1,3,2,4,4,4,3,5,4,"Limbo","2","3.33333333333333","2",1,"2","2.33333333333333",5,"4.33333333333333","2.83333333333333","2.6","3.8","1.4","2.2","3.6","1.8","1.25",15
8,"Limbo","25",3,3,5,3,4,6,5,6,5,6,6,5,3,6,4,4,5,7,3,4,5,5,5,2,4,1,2,1,5,3,6,2,7,4,4,5,2,6,7,5,5,6,2,NA,5,4,1,2,5,3,4,2,5,2,1,4,5,5,5,2,5,5,"Limbo","5","5.66666666666667","4.66666666666667",2,"3.33333333333333","5",6,"5.16666666666667","5.33333333333333","2.8","5.6","1.4","3.4","4.4","3.2","3.5",8
15,"Super Hot","0.33",1,1,1,1,2,2,3,4,4,4,1,1,1,7,1,1,1,3,1,4,4,3,2,2,2,3,2,3,2,2,7,3,4,3,4,4,3,4,2,2,3,3,2,NA,1,1,2,2,3,2,5,2,1,1,4,3,4,4,4,2,4,3,"Super Hot","2.33333333333333","4","1",1,"1","1.66666666666667",6,"4.16666666666667","2.33333333333333","2.6","4.4","2.4","2.4","3","2.4","1",15
18,"Limbo","0.5",1,1,1,1,2,2,1,2,2,2,3,3,2,2,4,2,2,1,1,4,4,3,2,2,4,4,2,4,4,5,6,1,7,2,2,2,6,2,2,2,2,2,6,NA,2,2,4,2,2,2,4,4,2,2,6,2,2,2,2,6,2,2,"Limbo","1.66666666666667","2","2.66666666666667",6,"4","1.33333333333333",2,"2","3","2.4","3.2","4.4","1.8","2.8","4.6","1",18
28,"Super Hot","0.5",1,3,4,2,1,3,5,4,3,3,4,3,3,6,2,2,3,4,2,3,3,5,1,3,3,4,5,2,1,3,1,5,3,2,3,3,2,4,3,3,4,4,2,NA,4,5,2,2,6,5,6,2,3,2,3,4,5,6,5,2,5,5,"Super Hot","3","3.33333333333333","3.33333333333333",2,"2","3",6,"5.33333333333333","3.66666666666667","3","3","2.4","5","2.8","2.6","2.5",28
18,"Super Hot","0.5",2,2,2,4,5,5,5,5,2,3,5,5,4,4,4,3,4,5,2,5,2,3,2,4,4,5,2,4,2,2,6,7,6,4,4,1,1,2,2,5,5,2,2,NA,2,5,3,6,0,5,5,5,4,2,2,6,5,6,5,1,5,5,"Super Hot","5","3.33333333333333","4.66666666666667",4,"3.66666666666667","3.66666666666667",7,"5.5","4.16666666666667","4.2","2.6","3.8","4","4","1.8","2.5",18
28,"Limbo","0.5",1,1,2,1,2,6,3,6,6,5,7,7,6,1,7,5,5,6,5,6,6,7,1,7,7,3,6,2,1,1,3,4,7,6,6,6,1,6,6,6,7,7,2,NA,7,6,2,2,4,5,5,2,6,2,2,1,7,7,7,1,7,7,"Limbo","3.66666666666667","5.66666666666667","6.66666666666667",7,"6.33333333333333","5.33333333333333",7,"7","6.16666666666667","4.4","5.6","2.2","4.2","5.4","2.4","1.25",28
8,"Super Hot","25",4,2,2,4,6,4,2,2,2,2,6,0,6,5,6,2,2,2,2,2,2,2,1,2,1,5,2,5,4,4,2,6,3,2,2,2,6,2,2,2,2,2,5,NA,5,2,4,1,6,2,5,6,3,2,6,5,2,4,0,5,2,2,"Super Hot","4","2","4",3,"3.66666666666667","2",3,"2.16666666666667","2.33333333333333","2.4","2","5","4.2","1.6","5","3",8
13,"Limbo","0.25",1,1,1,1,1,3,2,5,5,5,4,6,3,1,7,7,1,3,5,3,2,4,5,4,3,5,1,4,2,1,1,5,5,3,3,4,3,3,4,1,3,3,2,NA,3,5,4,5,5,6,5,4,2,3,4,2,4,5,5,3,4,5,"Limbo","2","5","4.33333333333333",7,"7","3",5,"4.66666666666667","3.66666666666667","4","2.6","3.8","3.6","3.4","2.6","1",13
27,"flOw","0.6",1,1,1,1,5,3,2,7,6,3,4,5,2,6,4,2,3,4,5,6,5,4,1,3,5,1,5,3,2,2,5,2,3,4,6,6,5,4,4,5,5,4,5,"Was war denn das Spielziel? Könnt ihr uns darüber aufklären?",1,4,1,5,2,2,5,2,3,1,6,1,5,3,5,3,5,4,"flOw","3.33333333333333","5.33333333333333","3.66666666666667",2,"2.66666666666667","4",5,"4.5","3.5","3.6","4.8","2.4","2.8","4.6","3.2","1",27
27,"VVVVVV","0.75",1,1,2,3,2,6,6,7,5,5,2,1,1,6,5,3,5,7,2,5,6,4,7,5,6,1,1,1,2,2,6,5,4,2,6,5,1,6,2,1,7,4,2,NA,4,5,2,5,6,4,6,3,2,2,1,3,7,5,7,1,7,7,"VVVVVV","4.66666666666667","5.66666666666667","1.33333333333333",2,"3.33333333333333","4.66666666666667",7,"6.66666666666667","2.83333333333333","4","5.4","1.8","4","6.2","2","1.75",27
25,"VVVVVV","0.5",1,1,1,1,1,7,4,1,1,3,3,5,2,5,2,1,6,6,1,6,3,2,1,2,6,1,4,1,3,1,2,7,7,3,6,1,2,2,3,6,7,1,1,NA,1,4,1,2,7,4,4,5,5,1,1,6,7,6,7,2,7,7,"VVVVVV","4","1.66666666666667","3.33333333333333",3,"2","4.33333333333333",6,"6.66666666666667","4.5","2.4","1.8","1.8","5.6","5.2","1.6","1",25
3,"flOw","0.5",2,2,0,2,1,1,1,4,5,5,1,1,1,7,2,1,1,3,1,2,5,1,1,1,4,0,3,6,6,3,5,2,2,1,4,5,7,5,2,2,1,5,2,NA,3,2,3,4,3,1,3,2,1,2,7,2,2,1,1,7,2,2,"flOw","1","4.66666666666667","1",1,"1.33333333333333","1.66666666666667",1,"1.5","1.5","2.2","5","2.6","2.4","2.4","5.2","1.5",3
4,"flOw","0.5",1,1,1,1,7,1,1,1,7,4,1,1,1,7,1,1,1,1,1,1,1,1,1,1,1,1,1,1,7,5,6,1,1,1,1,4,7,1,1,1,1,7,1,"Bei der Frage:  ich war gut  habe ich eine  4  angekreuzt, weil ich es einfach nicht weiss. Dieses Spiel gab keinerlei Hinweise darauf, dass ich von mir behaupten könnte, ich sei  gut  oder  schlecht  gewesen",1,1,1,1,1,1,1,1,1,1,7,1,1,1,1,7,1,1,"flOw","3","4","1",1,"1","1",1,"1","1","1","3.8","1","1","1","5.4","1",4
4,"VVVVVV","0.5",1,1,1,1,7,7,7,7,7,6,7,7,2,2,7,3,7,7,7,7,7,7,7,7,7,4,1,1,2,1,7,5,7,7,7,6,7,7,7,7,7,5,1,"Frage:  das Spiel war ästhetisch ansprechend  -> Ich habe hier eine 7 angekreuzt, weil ich finde, dass dieses Spiel graphisch nicht wirklich ein  Meisterwerk  ist, aber einfach zu dem Spiel passt. Man muss in solch einem Spiel keine bessere Graphik haben. Deswegen: Stimme voll und ganz zu!",1,7,1,7,7,7,7,4,7,7,1,6,7,7,7,1,7,7,"VVVVVV","7","6.66666666666667","5.33333333333333",6,"5.33333333333333","7",7,"7","7","7","6.4","2.2","5.2","7","2.4","1",4
3,"VVVVVV","0.6",1,1,2,2,2,4,6,4,3,3,3,2,2,3,6,5,2,6,1,6,3,4,2,5,5,7,2,7,4,5,2,5,5,3,5,5,1,5,3,2,6,6,3,NA,4,7,6,4,6,2,4,5,3,2,5,5,6,4,6,1,7,6,"VVVVVV","4","3.33333333333333","2.33333333333333",5,"5.33333333333333","3",7,"6","3.16666666666667","3.6","4.2","5.6","5","4.8","3.8","1.5",3
22,"flOw","0.5",1,1,1,1,1,1,1,4,1,1,2,1,1,1,1,1,1,1,1,2,1,1,1,1,1,1,1,2,1,4,1,1,3,1,3,1,5,1,1,1,2,1,2,NA,1,1,1,1,1,1,1,2,1,1,1,1,1,1,2,5,1,1,"flOw","1","2","1.33333333333333",7,"3","1",3,"1.5","1.33333333333333","1","1","1.6","1","1.8","2.4","1",22
20,"VVVVVV","0.5",2,1,2,0,2,3,1,3,2,2,1,1,1,2,2,1,2,1,1,3,3,2,3,1,5,2,2,1,2,2,4,3,2,1,5,2,2,2,3,1,7,6,3,NA,1,3,1,1,3,1,2,2,3,1,1,2,7,5,5,3,6,6,"VVVVVV","2","2.33333333333333","1",6,"3","1.33333333333333",5,"5.66666666666667","2","1.2","3.4","1.8","2.6","4.6","1.6","1.25",20
11,"flOw","0.5",1,1,2,3,5,6,5,7,5,6,5,6,5,4,4,2,5,5,3,6,6,7,6,6,5,1,3,2,3,2,4,2,6,6,6,5,2,5,3,6,7,6,1,NA,2,4,2,5,6,5,5,1,4,5,2,2,7,5,6,2,7,6,"flOw","5.33333333333333","6","5.33333333333333",4,"3.33333333333333","4.33333333333333",6,"6.16666666666667","5.16666666666667","5.4","5.2","1.4","3.4","6","2.2","1.75",11
2,"flOw","0.25",1,2,6,7,2,1,1,7,2,1,1,1,1,7,6,3,1,2,1,1,2,5,1,1,1,1,1,4,7,7,7,2,5,1,1,4,7,1,1,1,1,6,7,NA,7,1,6,1,2,1,1,7,1,1,7,1,1,1,1,7,1,1,"flOw","1.33333333333333","3.33333333333333","1",1,"3.33333333333333","1.33333333333333",1,"1","2.33333333333333","1","4","5","1.4","1","7","4",2
23,"VVVVVV","0.22",2,1,2,2,3,6,4,5,5,5,3,2,2,3,5,2,4,5,2,6,5,5,4,4,5,5,1,2,3,1,5,2,4,3,5,5,1,5,3,1,5,5,3,NA,2,4,3,4,3,3,5,4,3,2,1,3,5,2,5,1,5,4,"VVVVVV","4.33333333333333","5","2.33333333333333",5,"4","3.66666666666667",7,"4.66666666666667","3.16666666666667","3.6","5","3.4","2.6","5","1.6","1.75",23
23,"flOw","0.26",1,1,1,1,1,2,1,4,4,4,3,2,2,6,3,2,2,2,2,3,4,2,2,3,3,1,2,2,5,7,5,1,5,2,3,4,6,4,2,3,2,4,3,NA,6,3,2,2,2,1,3,2,1,2,6,3,3,2,2,7,2,3,"flOw","1.33333333333333","4","2.33333333333333",2,"2.33333333333333","2",1,"2.16666666666667","2.33333333333333","2.4","4.2","2","2.2","2.6","6","1",23
8,"VVVVVV","31",5,2,5,2,2,5,5,3,4,5,5,2,5,1,6,5,4,7,2,3,5,5,7,4,4,6,5,5,1,4,6,4,0,5,5,4,1,3,4,1,6,4,2,NA,1,4,1,4,6,3,6,4,2,2,2,6,6,4,7,1,6,5,"VVVVVV","4","4","4",7,"6","4.33333333333333",7,"5.83333333333333","2.5","4.2","4.4","3.6","5","5","1.8","3.5",8
8,"flOw","25",2,4,6,5,7,3,4,5,7,7,7,4,5,5,4,2,6,2,6,6,5,2,2,5,5,1,2,2,6,2,6,1,6,5,6,4,1,2,2,5,5,6,1,NA,2,5,1,5,2,6,6,1,4,6,1,2,5,4,4,1,7,7,"flOw","4.66666666666667","6.33333333333333","5.33333333333333",3,"3","4.66666666666667",7,"5.66666666666667","4.16666666666667","5.4","4.6","1.2","2.4","4.8","2.4","4.25",8
2,"VVVVVV","0.3",1,3,5,4,6,7,6,6,6,6,6,7,5,4,5,4,5,7,2,7,5,6,5,5,6,5,4,3,2,1,6,3,6,6,7,6,2,6,7,6,7,6,5,NA,2,6,3,6,7,6,6,4,4,3,1,3,7,7,7,1,7,6,"VVVVVV","6.33333333333333","6","6",4,"4.33333333333333","4.66666666666667",7,"6.83333333333333","5.83333333333333","5.2","5.8","4","4.6","6.4","1.6","3.25",2
25,"flOw","0.2",1,1,1,1,6,6,5,7,5,2,3,4,5,4,2,1,3,1,1,7,1,2,1,1,7,4,4,1,3,1,1,1,7,4,5,1,1,2,1,6,6,6,6,NA,1,3,1,3,2,5,5,1,7,1,1,1,7,7,7,1,1,7,"flOw","5.66666666666667","4.66666666666667","4",4,"2.33333333333333","1.66666666666667",7,"6","4.66666666666667","2.8","2.2","2.6","2.2","5.2","1.4","1",25
11,"VVVVVV","0.5",1,1,2,2,5,5,4,3,4,4,5,6,4,3,0,3,5,6,2,4,3,5,5,4,5,3,2,2,3,5,4,5,6,4,4,3,2,3,3,5,5,4,4,NA,3,5,3,3,6,4,5,6,4,3,3,5,5,4,6,2,6,5,"VVVVVV","4.66666666666667","3.66666666666667","5",5,"2.66666666666667","4.33333333333333",6,"5.33333333333333","4.5","3.8","3.4","3.6","4.6","4.6","3.2","1.5",11
15,"flOw","0.25",4,3,3,2,2,1,1,3,2,2,1,1,1,7,6,1,1,1,1,1,2,1,1,1,1,4,1,4,5,4,4,4,2,1,1,2,7,1,1,1,1,1,7,NA,4,4,6,2,1,1,2,7,1,1,0,1,1,1,1,7,1,1,"flOw","1.33333333333333","2.33333333333333","1",1,"2.66666666666667","1",1,"1","1.16666666666667","1.4","2","5.6","2.2","1","4","3",15
15,"VVVVVV","0.5",1,1,1,1,2,3,3,4,4,4,1,1,1,7,1,1,1,1,1,3,3,1,1,1,3,3,3,2,3,2,4,5,2,1,4,3,4,2,2,1,4,2,3,NA,1,1,1,1,4,1,6,3,1,1,5,4,3,2,4,4,3,3,"VVVVVV","2.66666666666667","4","1",1,"1","1",4,"3.16666666666667","1.33333333333333","2","2.8","2.4","3.4","3","3","1",15
28,"flOw","0.5",1,1,3,1,1,2,3,4,3,3,3,4,2,7,3,2,1,2,1,3,3,2,1,2,2,3,4,2,2,5,2,3,5,2,3,4,4,3,2,3,3,3,3,NA,4,4,3,2,4,2,3,4,3,2,6,3,2,3,2,5,2,2,"flOw","2","3.33333333333333","3",1,"2","1.33333333333333",3,"2.33333333333333","2.83333333333333","2.2","3","3","3.6","2.4","4.2","1.5",28
28,"VVVVVV","0.5",1,1,3,1,2,5,3,3,3,4,4,4,4,2,4,3,3,5,2,3,3,4,3,3,3,5,2,3,2,4,4,6,5,3,4,4,3,4,4,2,3,4,5,NA,5,5,4,3,6,4,7,6,3,3,3,4,3,3,3,2,3,3,"VVVVVV","3.33333333333333","3.33333333333333","4",6,"4.33333333333333","3.33333333333333",6,"3.5","3.66666666666667","3.8","3.8","4.6","4.6","3.2","3.4","1.5",28
29,"VVVVVV","0.5",3,2,2,1,3,2,2,6,5,5,2,2,1,6,2,1,1,3,1,4,4,3,2,2,3,3,1,4,2,3,3,3,4,2,3,5,3,5,2,2,3,4,2,NA,3,6,5,4,5,2,5,2,2,1,5,3,3,3,3,4,3,4,"VVVVVV","2.33333333333333","5.33333333333333","1.66666666666667",2,"1.66666666666667","1.66666666666667",4,"3.33333333333333","2.5","2.8","4.2","3.2","3.6","3","3.2","2",29
29,"flOw","1",3,5,6,5,6,4,3,7,5,6,7,4,4,2,5,4,3,6,1,5,5,5,3,6,4,1,2,2,3,1,6,1,6,6,6,6,3,6,4,4,5,5,1,NA,2,4,2,7,4,3,4,1,2,6,4,1,3,6,4,3,7,6,"flOw","4.33333333333333","6","5",6,"5","3.33333333333333",5,"5.16666666666667","4","5.8","5.6","1.4","2.4","4.6","2.6","4.75",29
18,"VVVVVV","0.5",2,2,2,2,4,5,5,4,3,4,5,5,5,3,5,3,5,5,2,6,3,6,6,4,6,6,6,2,4,3,7,5,4,5,6,2,2,5,2,5,6,4,2,NA,2,5,2,3,6,5,6,4,4,2,2,5,6,4,6,2,6,6,"VVVVVV","4.66666666666667","3.66666666666667","5",5,"4.33333333333333","4",6,"5.66666666666667","4.33333333333333","4","4.2","3.2","5.4","6","2.6","2",18
18,"flOw","0.4",1,1,1,1,3,2,2,2,5,5,5,3,2,5,3,2,2,2,2,5,3,4,1,2,5,2,3,3,4,2,7,2,6,2,5,4,6,4,2,2,3,4,1,NA,2,3,1,2,1,1,4,2,2,2,5,1,3,3,3,6,3,3,"flOw","2.33333333333333","4","3.33333333333333",3,"2.66666666666667","2",2,"2.83333333333333","2.83333333333333","2.4","4.4","1.8","2","3.8","3.8","1",18
13,"VVVVVV","0.5",1,1,1,1,1,2,1,1,1,1,1,1,1,3,6,5,1,5,3,1,2,5,2,2,2,5,5,3,2,2,4,7,3,2,3,2,5,3,1,1,3,2,5,NA,1,2,5,2,7,5,6,5,2,2,3,7,2,3,4,5,3,3,"VVVVVV","1.33333333333333","1","1",5,"5.33333333333333","3",3,"3","2.83333333333333","2.8","2.6","4.6","5.6","2.2","2.6","1",13
13,"flOw","0.75",1,1,1,1,3,1,3,7,7,6,6,2,1,6,5,1,2,1,1,5,2,2,1,5,5,1,3,1,1,4,6,1,6,5,6,3,6,5,2,1,3,4,1,NA,1,5,2,5,2,3,6,1,1,1,4,3,4,4,5,5,4,4,"flOw","2.33333333333333","6.66666666666667","3",2,"2.66666666666667","1.33333333333333",3,"4","2.5","4.4","4","1.2","2.8","4","3.2","1",13
14,"flOw","0.3",1,1,1,1,0,2,3,7,7,6,6,7,1,6,1,1,4,2,1,7,7,4,2,6,4,1,1,1,3,1,7,1,7,4,7,7,2,7,2,5,6,4,1,NA,1,5,1,5,3,4,5,1,4,2,3,1,5,6,5,2,7,6,"flOw","1.66666666666667","6.66666666666667","4.66666666666667",2,"1.33333333333333","2.33333333333333",6,"5.83333333333333","4.33333333333333","4.4","6.4","1","2.2","5.2","2","1",14
13,"Depression Quest","0.5",1,7,2,3,2,1,1,3,2,4,5,1,3,1,7,5,6,1,5,2,1,5,1,4,1,6,5,5,3,2,3,1,5,2,1,1,1,1,1,1,2,1,1,NA,1,1,5,2,1,5,5,6,2,6,3,2,1,3,2,3,1,2,"Depression Quest","1.33333333333333","3","3",7,"6.33333333333333","4",5,"2.33333333333333","3.16666666666667","3.8","1.4","4.6","2","1.4","2","3.25",13
13,"Always Sometimes Monsters","0.5",1,1,1,2,6,7,7,5,6,6,7,6,5,3,5,5,6,4,5,5,2,6,5,6,5,3,2,5,2,2,5,1,5,5,5,4,2,2,6,6,5,2,1,NA,1,5,2,5,3,5,6,2,3,2,1,1,5,5,5,2,5,5,"Always Sometimes Monsters","6.66666666666667","5.66666666666667","6",5,"5","5",6,"5.16666666666667","5.16666666666667","4.8","3","2.6","2.4","5","1.6","1.25",13
27,"Always Sometimes Monsters","0.5",2,4,4,3,6,7,7,6,2,4,5,6,4,4,3,3,3,2,3,7,4,6,2,4,4,3,2,2,1,1,5,3,6,5,6,4,2,3,3,7,6,2,1,NA,1,6,1,5,4,4,6,1,5,4,2,1,6,6,6,1,6,6,"Always Sometimes Monsters","6.66666666666667","4","5",4,"3.33333333333333","2.66666666666667",7,"6.16666666666667","5.16666666666667","4.8","3.6","1.6","3.2","5","1.4","3.25",27
21,"Always Sometimes Monsters","1.9",7,6,7,7,6,7,7,6,6,5,5,7,4,1,7,4,7,7,7,6,6,7,7,6,6,5,7,5,6,4,4,4,6,5,7,4,4,5,5,7,7,6,5,NA,4,7,4,7,7,7,6,3,6,5,2,3,7,7,7,2,7,7,"Always Sometimes Monsters","6.66666666666667","5.66666666666667","5.33333333333333",7,"6","7",6,"6.83333333333333","6.33333333333333","5.8","5","4.4","5.6","6.6","4","6.75",21
27,"Depression Quest","0.6",5,6,2,7,1,2,2,7,1,1,4,1,4,1,6,5,6,1,5,1,1,5,1,4,1,6,4,6,1,7,1,1,2,3,1,1,3,1,1,1,1,1,1,NA,1,2,2,3,3,4,5,2,3,2,1,1,1,4,3,1,2,3,"Depression Quest","1.66666666666667","3","3",7,"6","4",7,"3.33333333333333","2.66666666666667","3.4","1","3.4","2.2","1","2.6","5",27
4,"Depression Quest","1",7,7,7,7,6,7,7,7,6,6,7,7,7,7,7,7,7,7,7,4,7,7,4,7,4,6,7,4,1,1,4,4,4,7,4,6,1,7,7,7,7,7,1,NA,1,7,4,7,7,7,7,4,7,7,1,5,7,7,7,1,7,7,"Depression Quest","6.66666666666667","6.33333333333333","7",1,"5","7",7,"7","6.5","7","6.2","3.8","6","4.6","1","7",4
28,"Depression Quest","0.5",5,7,6,6,1,4,2,7,4,6,5,1,4,6,4,5,6,4,5,4,4,5,1,4,3,1,6,1,1,5,4,2,2,3,2,4,3,3,0,1,3,4,1,NA,4,3,2,2,2,5,4,1,4,3,2,2,5,7,6,5,6,6,"Depression Quest","2.33333333333333","5.66666666666667","3.33333333333333",2,"3.66666666666667","5",3,"5.5","2.83333333333333","3.2","3.8","1.2","3","2.6","3","6",28
4,"Always Sometimes Monsters","1.2",4,5,3,6,4,5,6,5,3,3,4,5,4,5,4,5,6,4,6,4,5,7,5,3,4,4,1,1,2,1,4,3,4,4,4,3,2,3,3,7,4,1,1,NA,4,5,5,5,4,6,6,3,5,4,4,4,5,4,4,2,6,5,"Always Sometimes Monsters","5","3.66666666666667","4.33333333333333",3,"4","5.33333333333333",6,"5","5.33333333333333","4.4","3.2","2.8","3.4","4.2","2.6","4.5",4
3,"Depression Quest","1.2",6,7,6,7,1,1,1,2,1,3,1,2,6,1,0,5,5,2,6,2,2,6,1,5,2,5,6,6,5,3,2,1,1,2,2,1,3,2,1,2,4,3,5,NA,5,3,5,5,1,7,4,5,4,2,2,1,4,6,5,2,3,5,"Depression Quest","1","2","3",7,"4","4.33333333333333",6,"4.83333333333333","3.5","3.6","2","5.2","2.4","2.2","3.6","6.5",3
21,"Depression Quest","0.5",1,2,2,4,1,1,2,1,1,1,1,1,1,2,3,2,4,1,1,1,1,2,1,1,1,0,1,2,6,7,4,1,1,1,1,4,7,1,1,1,2,1,5,NA,1,2,2,1,1,1,1,2,1,1,1,1,2,2,2,7,1,2,"Depression Quest","1.33333333333333","1","1",6,"3.66666666666667","2",1,"1.66666666666667","1.16666666666667","1","2.2","2.2","1.2","1.2","4.4","2.25",21
3,"Always Sometimes Monsters","4.3",6,7,6,7,7,6,6,4,4,3,3,5,3,1,7,5,7,6,7,3,3,7,7,6,5,3,5,2,5,1,4,2,5,1,5,3,2,2,5,7,5,1,2,NA,3,5,2,5,3,5,6,3,6,2,1,1,5,7,6,2,7,6,"Always Sometimes Monsters","6.33333333333333","3.66666666666667","3.66666666666667",7,"6.33333333333333","6.66666666666667",6,"6.16666666666667","5.83333333333333","4","2.6","2.4","3.2","5","2.4","6.5",3
11,"Depression Quest","0.5",4,5,6,5,2,3,4,4,5,5,3,3,3,4,4,2,6,1,6,3,4,3,3,2,3,4,5,3,5,6,3,2,2,2,3,3,6,3,2,2,2,2,4,NA,3,3,4,2,2,3,4,3,2,1,6,3,3,4,2,6,3,3,"Depression Quest","3","4.66666666666667","3",4,"3.33333333333333","4.33333333333333",2,"2.83333333333333","2.33333333333333","2.2","3","3.6","3","2.8","5.2","5",11
11,"Always Sometimes Monsters","0.6",3,3,4,5,7,6,7,6,6,6,7,6,5,2,5,4,6,5,4,5,6,6,6,5,5,2,3,3,2,2,5,3,6,6,6,6,1,5,5,7,6,5,2,NA,2,6,1,6,5,6,7,2,5,6,1,2,7,6,7,2,7,7,"Always Sometimes Monsters","6.66666666666667","6","6",6,"5","5",6,"6.66666666666667","5.83333333333333","6","5.4","2","3.8","5.6","1.6","3.75",11
28,"Always Sometimes Monsters","2",3,4,4,4,5,4,5,7,6,6,6,6,4,3,5,4,7,4,3,4,5,5,5,4,4,3,5,4,3,5,4,1,3,4,4,6,3,4,3,5,5,6,2,NA,6,5,2,3,3,4,4,2,5,2,4,1,5,5,5,4,5,5,"Always Sometimes Monsters","4.66666666666667","6.33333333333333","5.33333333333333",5,"4.66666666666667","4.66666666666667",4,"4.83333333333333","4.16666666666667","3.4","5","2.6","3","4.4","4.2","3.75",28
29,"Always Sometimes Monsters","4",3,4,4,5,7,5,6,7,6,6,6,7,6,4,4,5,6,5,5,5,6,6,5,4,4,5,5,3,2,2,5,2,4,3,5,6,2,5,4,5,4,5,2,NA,3,5,5,5,5,4,4,2,5,4,3,2,5,4,5,2,7,5,"Always Sometimes Monsters","6","6.33333333333333","6.33333333333333",4,"4.33333333333333","5.33333333333333",6,"5.33333333333333","4.66666666666667","4","5.4","3.4","3.8","4.6","2.4","4",29
13,"Always Sometimes Monsters","1.5",1,1,1,3,7,7,7,6,5,5,7,6,5,2,6,5,6,3,6,6,4,6,5,5,5,3,2,2,5,4,3,2,6,6,6,5,5,4,6,6,6,5,2,"Das um sich herum vergessen gilt natürlich vorallem für die Teile, die man noch nicht gespielt hat und nicht die, die man schon durch musste.",2,5,2,6,3,5,5,4,5,1,3,1,5,6,6,2,5,6,"Always Sometimes Monsters","7","5.33333333333333","6",6,"5.66666666666667","5",6,"5.66666666666667","5.66666666666667","4.6","4.2","2.6","2.6","5.6","3.8","1.5",13
23,"Depression Quest","0.42",4,7,5,6,4,4,4,7,3,5,4,2,5,1,6,3,4,2,4,3,4,5,1,4,1,3,5,2,2,3,5,1,5,3,2,4,2,2,2,3,3,4,2,NA,2,5,4,2,3,6,6,5,5,3,2,5,3,6,4,2,4,5,"Depression Quest","4","5","3.66666666666667",7,"5.33333333333333","3.33333333333333",6,"4.66666666666667","4.33333333333333","3.6","3.8","3.2","3.8","2","2.2","5.5",23
17,"Always Sometimes Monsters","0.5",1,1,2,1,3,1,2,4,2,2,1,2,1,7,2,1,1,1,1,1,2,2,1,1,1,1,1,3,3,6,4,4,2,2,2,2,7,1,1,3,1,3,3,NA,1,1,2,1,1,1,4,3,1,1,6,1,1,1,1,6,1,1,"Always Sometimes Monsters","2","2.66666666666667","1.33333333333333",1,"1.33333333333333","1",2,"1.16666666666667","1.66666666666667","1.8","2.4","2.4","1.6","1.2","4.6","1.25",17
8,"Depression Quest","45",6,7,6,7,5,6,6,4,6,0,6,4,6,2,6,5,7,6,6,4,5,7,2,5,3,3,6,2,6,4,6,4,2,5,4,4,1,5,1,0,4,6,1,NA,5,6,2,7,5,5,5,1,5,6,1,1,4,6,3,1,6,5,"Depression Quest","5.66666666666667","3.33333333333333","5.33333333333333",6,"5.66666666666667","6.33333333333333",7,"5.16666666666667","3.33333333333333","5.6","5.2","1.8","4.4","3.4","3.4","6.5",8
25,"Depression Quest","0.5",2,1,2,1,3,1,4,7,1,5,1,1,1,7,3,1,1,1,1,3,2,1,1,1,1,1,2,1,1,1,3,1,1,1,2,2,4,4,1,1,2,2,1,NA,1,1,1,1,1,2,1,1,1,1,7,1,1,5,4,6,2,2,"Depression Quest","2.66666666666667","4.33333333333333","1",1,"1.66666666666667","1",2,"2.66666666666667","1.16666666666667","1","2.6","1","1.2","1.8","2.8","1.5",25
25,"Always Sometimes Monsters","0.5",1,1,1,3,5,7,7,5,3,4,7,5,6,1,5,3,7,2,3,7,4,7,7,5,5,1,2,1,1,1,4,1,7,4,7,2,1,3,1,7,7,2,1,NA,1,4,1,6,4,6,6,1,7,4,1,1,7,7,7,1,7,7,"Always Sometimes Monsters","6.33333333333333","4","6",7,"5","4",7,"7","5.83333333333333","5","3","1","2.4","6.6","1","1.5",25
29,"Depression Quest","0.5",4,5,2,3,1,1,1,7,4,3,1,1,1,4,3,1,2,2,1,2,4,1,1,3,4,1,1,1,3,3,6,2,1,1,3,4,7,4,4,1,1,2,3,NA,3,1,1,1,1,2,2,2,1,1,7,1,1,1,1,7,1,1,"Depression Quest","1","4.66666666666667","1",4,"2.66666666666667","1.66666666666667",1,"1","1.66666666666667","1.6","4","1.6","1.2","2.2","4.6","3.5",29
17,"Depression Quest","0.5",2,5,4,4,4,4,4,4,4,4,4,4,4,2,5,2,2,4,4,5,4,5,2,4,4,4,5,5,6,4,4,1,5,2,5,4,3,1,1,1,2,4,2,NA,5,2,1,4,1,5,2,1,4,1,2,5,3,6,2,2,5,5,"Depression Quest","4","4","4",6,"4.33333333333333","3.33333333333333",6,"4.5","3.5","2.6","3.4","2.6","2.8","3.6","4","3.75",17
2,"Always Sometimes Monsters","1.3",5,6,6,7,6,7,7,5,5,4,7,7,6,2,6,5,7,5,7,6,3,7,7,7,7,4,4,2,3,1,7,5,4,7,7,4,1,5,4,7,7,4,2,NA,1,7,1,7,5,6,7,2,6,6,1,3,7,7,7,1,7,7,"Always Sometimes Monsters","6.66666666666667","4.66666666666667","6.66666666666667",6,"5.66666666666667","6.33333333333333",7,"7","5.66666666666667","6.8","4.6","2.2","4.8","6.8","1.4","6",2
2,"Depression Quest","0.5",3,7,4,6,2,4,2,7,5,7,3,3,4,2,6,3,5,6,6,4,5,7,2,5,2,5,4,2,2,4,6,5,2,4,2,6,1,3,6,1,6,2,2,NA,1,3,1,7,5,6,6,4,2,3,1,1,6,7,3,2,7,5,"Depression Quest","2.66666666666667","6.33333333333333","3.33333333333333",6,"5","5.66666666666667",6,"5.66666666666667","4","5","4.4","2.8","3.6","3.2","1.8","5",2
18,"Depression Quest","0.5",5,5,5,3,1,3,5,4,4,4,3,2,2,3,5,2,3,1,3,4,4,7,1,3,4,3,6,2,2,5,7,4,5,2,2,4,3,2,2,3,2,4,4,NA,2,4,2,3,2,6,5,4,5,2,2,2,2,6,2,2,5,6,"Depression Quest","3","4","2.33333333333333",5,"4","2.33333333333333",6,"4.5","4.66666666666667","3","4.2","3","3.6","2.6","2.8","4.5",18
8,"Always Sometimes Monsters","35",6,6,4,4,6,6,5,6,4,6,6,3,3,2,6,2,4,2,2,3,3,6,5,3,2,6,6,5,7,2,4,2,5,5,3,4,6,2,2,2,4,6,5,NA,6,4,4,5,5,2,6,4,4,3,3,5,4,5,4,4,3,4,"Always Sometimes Monsters","5.66666666666667","5.33333333333333","4",6,"4.66666666666667","2.66666666666667",4,"4","3.5","4.4","3.8","4.8","4.4","3.4","4.8","5",8
14,"Always Sometimes Monsters","0.5",2,2,4,5,7,7,7,7,7,7,7,7,7,5,5,4,7,5,5,6,4,7,7,7,5,5,4,2,1,2,7,2,6,6,7,7,1,7,7,7,7,3,1,"Ich fand das Spiel ästhetisch ansprechend, da es mich an Pokemon erinnerte, wo man auch immer zu Leuten laufen konnte um mit ihnen zu sprechen oder zu Dingen, um diese aufzunehmen oder so. Die graphische Auflösung ist mir dabei egal, es war toll die Spielewelt in dieser Form zu erleben.",1,7,1,6,5,7,7,1,6,5,1,2,7,7,7,1,7,7,"Always Sometimes Monsters","7","7","7",3,"4","5.66666666666667",7,"7","6.66666666666667","6.2","5.6","2","4","6.4","1.2","3.25",14
14,"Depression Quest","0.5",5,5,5,5,4,2,3,4,4,6,3,3,3,2,6,4,6,4,4,3,4,5,1,3,2,3,5,5,4,5,3,3,1,2,2,4,4,3,2,3,1,4,2,NA,1,2,5,2,1,6,5,5,6,2,2,1,3,5,3,4,3,4,"Depression Quest","3","4.66666666666667","3",6,"5.33333333333333","4.66666666666667",4,"3.66666666666667","3.83333333333333","2.8","3.6","4","2.4","1.8","3.2","5",14
27,"Cookie Clicker","1",1,1,1,1,1,2,3,7,1,1,1,1,1,5,4,1,1,2,1,6,1,1,5,1,4,1,1,1,7,1,7,1,3,1,5,5,2,6,6,1,3,1,1,"Ich kam mir schon ein wenig einfallsreich vor, vor allem wegen meinem Multi-Click-Makro. =)",6,5,1,1,1,1,1,1,1,1,1,1,3,2,5,3,6,5,"Cookie Clicker","2","3","1",3,"2.66666666666667","1.33333333333333",5,"4.33333333333333","2.16666666666667","1","4","1","1.8","4.6","3.4","1",27
11,"Cookie Clicker","0.5",1,1,1,1,3,4,4,7,7,7,2,1,2,6,3,3,2,6,3,5,4,3,4,3,4,2,1,1,4,3,5,1,5,3,5,6,2,7,4,3,5,5,2,NA,3,4,2,2,5,3,1,1,3,2,4,1,5,4,5,3,4,5,"Cookie Clicker","3.66666666666667","7","1.66666666666667",2,"2.66666666666667","3.66666666666667",5,"4.66666666666667","3.5","2.2","5.4","1.6","2.4","4.6","3.2","1",11
13,"Cookie Clicker","0.5",1,1,2,1,3,2,6,5,6,5,1,1,1,1,7,7,1,2,1,6,7,6,7,6,6,5,1,1,1,3,7,2,6,3,5,5,3,5,2,1,5,1,2,NA,2,6,1,6,5,7,5,6,5,2,5,6,6,5,5,5,5,5,"Cookie Clicker","3.66666666666667","5.33333333333333","1",7,"7","1.33333333333333",3,"4.83333333333333","4.5","4.4","5","3","4","5.8","2.8","1.25",13
3,"Cookie Clicker","1",1,1,6,6,1,1,1,4,7,7,1,1,1,7,1,1,1,5,1,6,7,1,3,1,6,1,1,5,7,1,7,1,1,1,6,6,5,7,4,1,4,4,1,NA,7,0,2,5,1,7,1,1,1,2,7,1,5,2,5,7,6,6,"Cookie Clicker","1","6","1",1,"1","2.33333333333333",1,"4.16666666666667","2.5","2","6.2","2","0.8","5","5.4","3.5",3
2,"Cookie Clicker","0.68",2,1,2,3,1,2,3,7,6,6,1,1,1,7,2,2,1,6,1,3,5,5,6,2,4,5,1,5,3,4,5,2,2,1,6,7,4,7,2,1,5,7,4,NA,3,4,4,6,2,3,2,3,2,2,6,1,6,7,6,4,4,2,"Cookie Clicker","2","6.33333333333333","1",1,"1.66666666666667","2.66666666666667",4,"4.83333333333333","2.5","2.6","6.2","4.2","2","4.8","4","2",2
14,"Cookie Clicker","0.1",1,1,1,1,1,0,1,7,7,7,1,1,1,7,1,1,1,1,1,1,1,1,1,1,1,7,1,3,5,7,7,1,1,1,4,5,7,5,1,1,1,5,6,NA,2,1,6,1,1,1,1,7,1,1,7,4,1,1,1,7,1,1,"Cookie Clicker","0.666666666666667","7","1",1,"1","1",1,"1","1","1","4.6","5.8","1.6","1.6","5.6","1",14
14,"Duolingo","0.3",5,5,5,4,5,7,7,7,7,7,1,1,1,6,3,4,7,6,5,6,6,6,4,5,6,2,7,1,1,2,7,2,6,2,7,7,3,6,3,2,6,7,1,NA,1,5,1,5,3,7,6,2,7,1,1,3,6,6,5,1,6,6,"Duolingo","6.33333333333333","7","1",2,"3","6",7,"6","5.16666666666667","3.8","6.6","1.4","4","5.8","1.6","4.75",14
4,"Duolingo","0.5",4,6,5,4,2,5,5,4,3,5,4,1,2,7,1,1,3,2,1,4,4,6,3,2,5,1,7,1,1,2,4,1,2,2,5,6,4,4,4,5,5,4,1,NA,1,1,1,2,2,3,5,2,1,1,4,2,5,4,4,3,4,5,"Duolingo","4","4","2.33333333333333",1,"1","2",5,"4.5","3.5","2.4","4.4","1.2","2.6","4.4","2.4","4.75",4
4,"Cookie Clicker","14",1,1,1,1,7,1,2,4,4,4,1,1,1,7,1,2,1,3,1,4,4,1,1,1,1,1,1,1,6,1,1,1,2,1,4,4,7,3,4,4,2,1,1,NA,2,1,1,1,1,1,1,1,1,1,6,1,2,1,2,7,2,2,"Cookie Clicker","3.33333333333333","4","1",1,"1.33333333333333","1.66666666666667",1,"1.66666666666667","2.16666666666667","1","2.6","1","1","2.4","4.4","1",4
18,"Cookie Clicker","0.5",1,1,1,1,1,1,1,1,1,1,1,1,1,7,1,1,1,1,1,2,1,1,1,1,1,1,1,1,5,2,6,1,1,1,4,2,7,4,1,1,1,3,1,NA,5,1,1,1,1,1,3,1,1,1,6,1,1,1,1,7,1,1,"Cookie Clicker","1","1","1",1,"1","1",1,"1","1","1.4","3.2","1","1","1.8","5","1",18
18,"Duolingo","0.5",2,2,6,3,3,7,7,5,2,4,2,6,2,6,2,1,1,4,1,6,3,7,2,4,6,5,7,1,2,2,7,3,4,3,6,2,1,3,2,6,7,7,1,NA,1,6,2,6,7,4,7,3,6,4,1,6,7,7,7,1,7,7,"Duolingo","5.66666666666667","3.66666666666667","3.33333333333333",2,"1.66666666666667","2",7,"7","4.83333333333333","4.8","4.4","2.4","5.8","5.4","1.4","3.25",18
28,"Cookie Clicker","2",1,3,4,7,2,3,2,7,4,6,1,1,1,3,2,1,1,4,1,4,3,2,3,2,3,1,1,1,6,5,4,1,4,1,4,5,4,5,1,1,3,4,1,NA,4,3,1,1,2,3,2,1,1,1,6,1,3,4,3,4,3,3,"Cookie Clicker","2.33333333333333","5.66666666666667","1",5,"2.66666666666667","2",4,"3.33333333333333","2","1.4","4.2","1","1.6","3.4","5","3.75",28
28,"Duolingo","2",5,6,7,3,4,6,6,6,6,7,1,1,1,5,2,2,1,0,1,6,6,1,2,3,4,1,7,1,1,2,4,3,4,2,6,6,1,7,5,1,5,6,1,NA,6,3,1,2,6,6,7,1,4,1,1,1,7,7,7,1,7,7,"Duolingo","5.33333333333333","6.33333333333333","1",3,"2.33333333333333","0.666666666666667",7,"7","3.5","3","5.8","1","4","4.6","2.2","5.25",28
22,"Duolingo","0.5",1,2,7,4,7,4,7,0,5,5,2,1,1,1,5,1,1,7,1,7,4,1,1,1,3,2,7,1,3,1,5,5,7,1,7,5,1,5,5,7,7,7,1,NA,3,5,1,1,4,3,3,2,7,2,1,5,7,7,7,1,7,7,"Duolingo","6","3.33333333333333","1.33333333333333",7,"4.33333333333333","3",7,"7","5","1.6","5.2","1.4","5.2","5","1.8","3.5",22
22,"Cookie Clicker","0.5",1,1,1,1,2,5,2,7,7,7,3,1,1,1,1,1,1,7,1,7,7,1,7,1,1,1,1,1,3,1,6,1,1,1,1,3,2,1,4,2,5,2,1,NA,1,2,1,1,1,1,1,1,4,2,3,1,7,7,7,2,7,7,"Cookie Clicker","3","7","1.66666666666667",7,"3","3",6,"6.83333333333333","2.16666666666667","1.2","3.8","1","1.2","4.2","2","1",22
29,"Cookie Clicker","1.5",4,2,3,2,5,3,6,7,6,6,6,4,2,2,5,4,2,6,4,6,6,7,4,4,5,3,2,3,5,2,6,2,7,4,5,6,1,6,5,3,7,5,1,NA,6,7,6,7,7,6,6,1,4,5,1,2,7,7,7,1,7,7,"Cookie Clicker","4.66666666666667","6.33333333333333","4",6,"5","4",7,"7","5.33333333333333","5.2","5.8","2.8","4","5.4","3","2.75",29
23,"Duolingo","0.35",5,4,5,4,5,5,4,6,5,6,1,1,1,6,2,1,1,5,1,5,6,5,2,3,4,1,6,1,3,1,4,2,5,1,5,5,2,5,1,2,4,5,1,NA,2,4,1,2,4,4,5,1,4,1,1,3,5,4,4,1,5,5,"Duolingo","4.66666666666667","5.66666666666667","1",2,"1.66666666666667","2.33333333333333",7,"5","3.5","2.4","5","1","3.8","4","1.8","4.5",23
23,"Cookie Clicker","0.32",1,1,1,1,3,3,3,7,4,4,1,1,1,6,2,2,1,1,1,5,4,3,4,2,4,2,1,3,6,3,4,1,0,3,4,4,5,2,2,1,3,4,1,NA,4,2,2,3,3,1,2,2,1,1,3,1,3,2,4,6,3,4,"Cookie Clicker","3","5","1",2,"2","1",2,"3","1.33333333333333","2.2","3.6","2","1.6","4","4.2","1",23
3,"Duolingo","0.33",2,5,5,4,1,4,1,5,6,6,1,1,1,1,1,1,1,6,1,3,3,1,1,1,3,2,6,5,6,2,5,4,2,2,5,6,3,6,5,1,2,5,3,NA,4,2,2,2,4,1,2,3,2,1,1,2,3,2,1,6,3,3,"Duolingo","2","5.66666666666667","1",7,"3","2.66666666666667",2,"2.33333333333333","2","1.6","5","3","3.6","2.8","3.2","4",3
26,"Cookie Clicker","0.5",1,1,4,1,2,3,2,4,4,5,2,1,1,6,3,1,1,5,1,6,4,4,1,3,6,2,1,1,4,3,6,1,3,1,6,4,3,2,2,2,6,4,1,NA,1,5,1,3,4,1,3,1,3,1,4,3,7,3,7,3,7,7,"Cookie Clicker","2.33333333333333","4.33333333333333","1.33333333333333",2,"2","2.33333333333333",5,"6","2.5","2.2","4","1.2","2.8","5","3","1.75",26
11,"Duolingo","0.5",4,4,5,6,5,5,6,5,5,6,2,2,2,3,3,3,3,4,3,5,4,3,3,3,5,2,7,3,3,3,5,3,6,3,4,5,3,6,5,7,5,6,3,NA,3,5,2,2,5,4,4,3,6,2,3,4,6,6,6,1,5,5,"Duolingo","5.33333333333333","5.33333333333333","2",5,"3.66666666666667","3.33333333333333",7,"5.83333333333333","5.16666666666667","2.8","5.2","2.6","4.8","4.4","3","4.75",11
6,"Cookie Clicker","30",2,2,2,6,4,2,2,2,2,4,5,2,1,2,2,2,4,5,2,4,2,5,2,2,4,1,1,1,3,6,7,2,5,2,3,3,6,2,2,2,4,5,1,NA,2,4,1,3,2,2,4,1,2,2,6,2,5,3,3,6,3,3,"Cookie Clicker","2.66666666666667","2.66666666666667","2.66666666666667",6,"3.33333333333333","3.66666666666667",2,"3.16666666666667","3","2.6","3.8","1","2.2","3.4","4.6","3",6
6,"Duolingo","10",4,4,5,4,2,4,4,4,3,5,6,2,2,6,2,3,6,5,2,4,5,6,4,5,4,2,7,2,2,2,6,3,5,3,4,6,0,6,6,6,6,4,1,NA,2,6,1,6,5,2,6,1,5,3,3,2,6,5,4,1,6,6,"Duolingo","3.33333333333333","4","3.33333333333333",2,"2.33333333333333","4.33333333333333",7,"5.66666666666667","5","4.6","5.4","1.4","4.6","4.4","1.8","4.25",6
2,"Duolingo","0.3",3,2,6,1,3,5,1,6,6,5,3,1,1,7,3,3,1,7,1,6,6,3,2,3,5,2,7,1,4,2,6,2,6,4,7,7,2,7,5,2,7,5,2,NA,3,6,1,5,6,2,5,1,2,4,3,1,0,6,6,2,7,6,"Duolingo","3","5.66666666666667","1.66666666666667",1,"2.33333333333333","3",6,"5.16666666666667","3.33333333333333","4.2","6.2","1.4","4.4","5.4","2.8","3",2
25,"Duolingo","0.5",1,1,1,1,3,1,2,4,2,4,1,1,1,7,2,1,1,2,1,4,2,1,1,1,3,1,1,1,1,1,4,1,2,1,4,2,5,2,0,1,2,1,1,NA,1,2,1,1,1,1,1,1,1,1,1,1,2,3,2,1,2,2,"Duolingo","2","3.33333333333333","1",1,"1.33333333333333","1.33333333333333",7,"3","1","1","2.2","1","1.2","2.8","1.8","1",25
14,"Sweatshop","1",7,7,7,7,5,5,5,7,6,7,5,6,6,1,7,5,7,7,6,4,6,7,5,6,4,3,7,3,1,3,6,4,6,2,5,7,1,5,5,3,5,6,3,NA,1,7,2,7,7,7,7,4,7,3,1,4,6,7,6,1,7,7,"Sweatshop","5","6.66666666666667","5.66666666666667",7,"6.33333333333333","6.66666666666667",7,"6.66666666666667","5.83333333333333","5","6","3","5.8","4.6","1.4","7",14
22,"Sweatshop","0.5",7,7,5,5,3,5,4,4,4,4,4,3,3,3,5,4,4,5,4,4,4,6,5,4,4,5,6,4,4,4,3,4,6,4,3,4,2,3,5,4,6,6,4,NA,3,4,4,3,4,4,3,3,5,3,2,3,6,7,6,3,7,7,"Sweatshop","4","4","3.33333333333333",5,"4.66666666666667","4.33333333333333",5,"6.33333333333333","5","3.4","4","4","4.2","4.4","3","6",22
11,"Sweatshop","0.5",5,6,5,5,5,4,4,4,5,5,4,4,2,3,5,2,3,3,3,3,4,5,4,4,4,2,5,3,3,3,3,4,6,3,4,4,5,3,4,3,4,5,3,NA,3,3,2,2,3,5,4,4,6,3,3,2,5,6,5,4,5,5,"Sweatshop","4.33333333333333","4.66666666666667","3.33333333333333",5,"4","3",4,"5","4.83333333333333","3.2","3.8","2.8","3.4","3.8","3.4","5.25",11
4,"Sweatshop","0.5",1,1,1,1,2,3,2,7,7,7,1,1,1,7,1,1,1,1,1,1,1,1,6,1,1,1,1,1,1,1,7,1,4,1,4,7,6,7,4,1,5,7,1,NA,1,2,1,1,1,1,3,1,1,1,3,1,4,1,3,5,4,4,"Sweatshop","2.33333333333333","7","1",1,"1","1",3,"3.16666666666667","2","1.4","5.8","1","1.2","3.4","2.4","1",4
23,"Sweatshop","0.34",4,5,3,5,6,5,5,6,5,6,3,2,3,2,5,4,5,5,3,6,6,5,4,3,5,2,2,1,4,2,5,2,3,2,5,5,2,5,4,2,5,5,1,NA,2,5,2,3,5,5,6,1,4,1,2,3,5,5,5,1,6,5,"Sweatshop","5.33333333333333","5.66666666666667","2.66666666666667",6,"5","4.33333333333333",7,"5.5","3.83333333333333","3","5.2","1.4","3.4","5","2.4","4.25",23
3,"Sweatshop","0.4",4,5,3,5,2,2,2,4,4,3,1,1,2,1,7,5,1,3,3,1,3,3,3,2,2,5,3,6,5,5,3,2,1,2,2,4,5,3,2,1,2,6,5,NA,5,2,4,2,2,5,2,6,2,1,4,2,1,3,2,6,1,1,"Sweatshop","2","3.66666666666667","1.33333333333333",7,"6.33333333333333","2.33333333333333",2,"1.66666666666667","2.33333333333333","1.8","3.8","5.2","2.2","2","4.8","4.25",3
17,"Sweatshop","0.5",1,4,1,1,1,1,1,3,1,3,1,1,1,6,1,1,1,1,1,2,4,2,2,1,1,1,1,1,5,5,4,3,2,1,3,3,6,2,2,1,1,4,2,NA,4,1,1,1,3,1,3,2,1,1,6,2,1,1,2,6,1,2,"Sweatshop","1","2.33333333333333","1",2,"1.33333333333333","1",2,"1.5","1.5","1.4","3.4","1.4","2","1.8","5.2","1.75",17
2,"Sweatshop","0.3",1,4,1,2,4,5,3,7,6,6,2,2,1,5,2,3,2,6,3,6,6,3,5,2,6,3,2,1,3,2,6,2,5,2,7,6,2,6,6,1,7,5,3,NA,2,5,1,6,5,3,4,1,5,2,6,2,7,7,7,1,7,7,"Sweatshop","4","6.33333333333333","1.66666666666667",3,"2.66666666666667","3.66666666666667",7,"7","3.83333333333333","3.2","5.8","1.8","3.2","6.2","3","2",2
8,"Sweatshop","25",5,4,2,2,5,4,4,6,4,5,5,2,4,3,3,1,4,5,4,4,2,5,1,2,4,1,4,1,5,6,6,3,4,5,3,4,2,5,2,2,3,3,1,NA,4,3,1,2,4,2,4,1,3,4,2,2,4,3,5,4,4,3,"Sweatshop","4.33333333333333","5","3.66666666666667",5,"3","4.33333333333333",4,"3.83333333333333","3","3.4","4","1","3.2","3","3.8","3.25",8
27,"Sweatshop","0.5",3,2,2,3,1,1,1,7,5,5,1,1,1,2,2,1,1,1,1,3,1,2,1,1,1,2,2,2,5,6,4,1,3,1,2,4,6,4,2,1,1,5,4,NA,2,1,3,1,1,1,3,3,1,1,6,1,1,1,2,7,1,1,"Sweatshop","1","5.66666666666667","1",6,"3","1",1,"1.16666666666667","1.66666666666667","1.4","3.6","2.8","1.2","1.6","5","2.5",27
28,"Sweatshop","1",6,6,7,6,4,6,4,5,5,6,0,3,2,1,5,5,5,5,5,4,5,5,6,4,4,1,5,2,2,1,4,4,6,3,2,6,2,6,6,4,6,6,1,NA,5,4,1,0,6,5,0,2,5,1,1,1,6,6,6,1,6,6,"Sweatshop","4.66666666666667","5.33333333333333","1.66666666666667",7,"5.66666666666667","5",7,"6.16666666666667","5.16666666666667","1.6","5.4","1.4","4","4.4","2.2","6.25",28
4,"Lost in Blue","0.5",3,4,4,3,7,4,5,7,4,4,4,7,4,3,6,4,3,5,5,3,4,1,2,2,1,2,1,3,1,1,2,1,1,1,3,4,3,4,4,5,4,1,6,NA,1,1,1,1,3,2,4,5,1,1,3,2,5,5,4,3,4,3,"Lost in Blue","5.33333333333333","5","5",5,"5","4.33333333333333",5,"4.33333333333333","2.33333333333333","1.8","3","3.4","1.6","2.6","1.8","3.5",4
25,"Lost in Blue","0",1,1,1,1,5,2,1,4,1,2,1,3,1,1,1,1,1,1,1,4,1,3,1,1,1,1,1,1,3,6,4,2,5,1,4,4,7,1,1,5,2,1,1,"Habe nur Videos geschaut",2,1,1,1,1,2,5,2,3,1,7,1,2,2,2,7,1,2,"Lost in Blue","2.66666666666667","2.33333333333333","1.66666666666667",7,"3","1",1,"1.66666666666667","3.16666666666667","1.8","2.2","1.2","1.2","2.4","5","1",25
22,"Lost in Blue","0.5",2,1,3,2,1,3,1,1,2,1,1,2,2,1,1,1,1,1,3,1,1,1,1,1,1,1,1,1,3,7,1,1,1,1,2,1,5,1,1,1,1,1,3,NA,1,2,1,1,1,3,1,1,1,1,7,1,1,1,1,6,1,2,"Lost in Blue","1.66666666666667","1.33333333333333","1.66666666666667",7,"3","1.66666666666667",2,"1.33333333333333","1.33333333333333","1","1","1.4","1.2","1.2","4.6","2",22
3,"Lost in Blue","0.8",1,2,1,4,1,1,2,2,1,2,2,2,1,7,1,1,1,3,1,2,1,2,1,2,2,5,1,6,7,6,4,3,1,1,2,1,6,2,2,4,2,1,6,NA,6,2,6,4,4,2,3,7,3,2,6,4,1,2,3,6,2,2,"Lost in Blue","1.33333333333333","1.66666666666667","1.66666666666667",1,"1","1.66666666666667",2,"2","2.33333333333333","2.4","1.8","6","2.8","1.8","6.2","2",3
11,"Lost in Blue","0.5",2,1,1,2,4,3,3,3,3,3,3,3,4,6,2,2,4,3,3,3,2,3,1,2,3,2,2,4,4,5,4,5,2,2,2,2,5,3,3,4,3,2,5,NA,4,3,3,2,2,2,3,4,3,3,5,4,3,3,3,5,3,3,"Lost in Blue","3.33333333333333","3","3.33333333333333",2,"2","3.33333333333333",3,"3","2.83333333333333","2.4","2.6","3.6","3.2","2.4","4.6","1.5",11
28,"Lost in Blue","1",2,2,3,1,4,3,5,4,4,4,4,5,5,3,2,2,5,3,2,3,4,4,4,3,3,4,3,2,3,5,4,3,4,2,3,4,5,4,4,4,4,4,5,NA,4,3,3,3,4,3,4,4,4,3,3,4,3,4,3,5,4,3,"Lost in Blue","4","4","4.66666666666667",5,"3","3.33333333333333",3,"3.33333333333333","3.83333333333333","3","4","3.6","3.4","3.4","4","2",28
